,precision,recall,f1-score,support
0,0.2653061224489796,0.6190476190476191,0.37142857142857144,21.0
1,0.2857142857142857,0.37037037037037035,0.3225806451612903,27.0
2,0.5,0.5,0.5,14.0
3,0.5714285714285714,0.4,0.47058823529411764,10.0
4,0.6666666666666666,0.4444444444444444,0.5333333333333333,9.0
5,0.7692307692307693,0.7692307692307693,0.7692307692307693,13.0
6,0.2608695652173913,0.46153846153846156,0.3333333333333333,13.0
7,0.28,0.7777777777777778,0.4117647058823529,9.0
8,0.0,0.0,0.0,6.0
9,0.4,0.2857142857142857,0.3333333333333333,7.0
a,0.8188976377952756,0.7323943661971831,0.7732342007434945,142.0
b,0.21739130434782608,0.4838709677419355,0.3,31.0
c,0.8048780487804879,0.6,0.6875,55.0
d,0.35185185185185186,0.40425531914893614,0.37623762376237624,47.0
e,0.8611111111111112,0.6888888888888889,0.7654320987654321,135.0
f,0.5,0.6521739130434783,0.5660377358490566,23.0
g,0.5217391304347826,0.6666666666666666,0.5853658536585366,36.0
h,0.7297297297297297,0.5510204081632653,0.627906976744186,49.0
i,0.734375,0.5465116279069767,0.6266666666666667,86.0
j,0.12121212121212122,0.36363636363636365,0.18181818181818182,22.0
k,0.5806451612903226,0.72,0.6428571428571429,25.0
l,0.813953488372093,0.813953488372093,0.813953488372093,43.0
m,0.42857142857142855,0.7105263157894737,0.5346534653465347,38.0
n,0.8688524590163934,0.53,0.6583850931677019,100.0
o,0.8275862068965517,0.4528301886792453,0.5853658536585366,106.0
p,0.574468085106383,0.6923076923076923,0.627906976744186,39.0
q,0.19444444444444445,0.3888888888888889,0.25925925925925924,18.0
r,0.684931506849315,0.4854368932038835,0.5681818181818182,103.0
s,0.8472222222222222,0.6559139784946236,0.7393939393939394,93.0
t,0.7866666666666666,0.6941176470588235,0.7375,85.0
u,0.2857142857142857,0.5185185185185185,0.3684210526315789,27.0
v,0.9375,0.6521739130434783,0.7692307692307693,23.0
w,0.8461538461538461,0.5238095238095238,0.6470588235294118,21.0
x,0.3333333333333333,0.4782608695652174,0.39285714285714285,23.0
y,0.4375,0.6363636363636364,0.5185185185185185,22.0
z,0.3125,0.2777777777777778,0.29411764705882354,18.0
accuracy,0.5867446393762183,0.5867446393762183,0.5867446393762183,0.5867446393762183
macro avg,0.5394568069613093,0.543011710594175,0.5192625904392358,1539.0
weighted avg,0.6726029599398103,0.5867446393762183,0.6104215620536473,1539.0
